customer_id,product_id,sale_month,sale_year,unit_return,product_rate,total_return_amount
22,25,April,2025,1,118.15,118.15
30,3,April,2025,6,324.7,1948.2
30,8406,April,2025,1,92,92
30,8407,April,2025,10,127.5,1275
30,8474,April,2025,1,125.65,125.65
30,8594,April,2025,2,228.02,456.04
30,8620,April,2025,4,144.5,578
30,8815,April,2025,4,101.88,407.52
30,8974,April,2025,2,119,238
30,8975,April,2025,1,34,34
30,8981,April,2025,2,85,170
30,9006,April,2025,1,229.5,229.5
50,3,April,2025,2,324.7,649.4
50,8164,April,2025,4,119,476
50,8467,April,2025,1,333.2,333.2
50,8512,April,2025,2,104.55,209.1
50,8603,April,2025,2,51.85,103.7
50,8664,April,2025,3,63.75,191.25
50,8901,April,2025,1,187,187
50,9065,April,2025,2,99.45,198.9
91,25,April,2025,3,118.15,354.45
100,25,April,2025,30,118.15,3544.5
100,44,April,2025,5,90.94,454.7
100,8164,April,2025,10,119,1190
100,8457,April,2025,20,61.2,1224
100,8467,April,2025,2,333.2,666.4
100,8485,April,2025,5,93.5,467.5
100,8534,April,2025,10,102,1020
100,8664,April,2025,15,63.75,956.25
100,8673,April,2025,5,41.34,206.7
100,8674,April,2025,10,85,850
100,8815,April,2025,5,101.88,509.4
100,8974,April,2025,1,119,119
100,8980,April,2025,1,93.5,93.5
100,9001,April,2025,5,55.25,276.25
100,9006,April,2025,2,229.5,459
100,9065,April,2025,5,99.45,497.25
721,25,April,2025,5,118.15,590.75
721,44,April,2025,1,90.94,90.94
721,8164,April,2025,2,119,238
721,8512,April,2025,1,104.55,104.55
721,8527,April,2025,1,29.75,29.75
721,8633,April,2025,3,79.81,239.43
721,8673,April,2025,1,41.34,41.34
721,8974,April,2025,1,119,119
721,9065,April,2025,1,99.45,99.45
722,3,April,2025,1,324.7,324.7
722,25,April,2025,6,118.15,708.9
722,44,April,2025,10,90.94,909.4
722,8457,April,2025,10,61.2,612
722,8467,April,2025,1,333.2,333.2
722,8474,April,2025,5,125.65,628.25
722,8485,April,2025,2,93.5,187
722,8512,April,2025,3,104.55,313.65
722,8514,April,2025,5,74.58,372.9
722,8527,April,2025,6,29.75,178.5
722,8594,April,2025,4,228.02,912.08
722,8605,April,2025,1,74.35,74.35
722,8620,April,2025,2,144.5,289
722,8633,April,2025,30,79.81,2394.3
722,8664,April,2025,2,63.75,127.5
722,8673,April,2025,2,41.34,82.68
722,8901,April,2025,2,187,374
722,8974,April,2025,6,119,714
722,8975,April,2025,2,34,68
722,8980,April,2025,2,93.5,187
722,8986,April,2025,2,93.5,187
722,9006,April,2025,2,229.5,459
722,9012,April,2025,2,465.38,930.76
722,9047,April,2025,1,212.5,212.5
722,9065,April,2025,60,99.45,5967
725,3,April,2025,3,324.7,974.1
725,25,April,2025,15,118.15,1772.25
725,44,April,2025,2,90.94,181.88
725,49,April,2025,12,72.25,867
725,8406,April,2025,2,92,184
725,8457,April,2025,4,61.2,244.8
725,8467,April,2025,2,333.2,666.4
725,8474,April,2025,1,125.65,125.65
725,8485,April,2025,4,93.5,374
725,8514,April,2025,2,74.58,149.16
725,8527,April,2025,5,29.75,148.75
725,8603,April,2025,5,51.85,259.25
725,8605,April,2025,3,74.35,223.05
725,8633,April,2025,7,79.81,558.67
725,8664,April,2025,3,63.75,191.25
725,8673,April,2025,5,41.34,206.7
725,8800,April,2025,5,59.5,297.5
725,8975,April,2025,4,34,136
725,9065,April,2025,7,99.45,696.15
1001,3,April,2025,1,324.7,324.7
1001,23,April,2025,3,79.67,239.01
1001,25,April,2025,15,118.15,1772.25
1001,44,April,2025,5,90.94,454.7
1001,8164,April,2025,2,119,238
1001,8406,April,2025,1,92,92
1001,8413,April,2025,1,95.17,95.17
1001,8457,April,2025,5,61.2,306
1001,8467,April,2025,2,333.2,666.4
1001,8512,April,2025,2,104.55,209.1
1001,8603,April,2025,1,51.85,51.85
1001,8605,April,2025,1,74.35,74.35
1001,8673,April,2025,2,41.34,82.68
1001,8974,April,2025,1,119,119
1001,8975,April,2025,1,34,34
1001,8980,April,2025,1,93.5,93.5
1002,8457,April,2025,5,61.2,306
1002,8485,April,2025,1,93.5,93.5
1002,8633,April,2025,7,79.81,558.67
1004,8534,April,2025,1,102,102
1004,8974,April,2025,1,119,119
1005,25,April,2025,1,118.15,118.15
1005,8534,April,2025,1,102,102
1005,8664,April,2025,1,63.75,63.75
1005,8674,April,2025,1,85,85
1005,8974,April,2025,1,119,119
1008,25,April,2025,1,118.15,118.15
1008,44,April,2025,1,90.94,90.94
1008,8164,April,2025,1,119,119
1008,8974,April,2025,1,119,119
1010,8974,April,2025,2,119,238
1013,25,April,2025,1,118.15,118.15
1013,8164,April,2025,1,119,119
1013,8406,April,2025,1,92,92
1013,8457,April,2025,1,61.2,61.2
1015,8512,April,2025,1,104.55,104.55
1015,8534,April,2025,1,102,102
1019,8406,April,2025,1,92,92
1021,8164,April,2025,1,119,119
1021,8664,April,2025,1,63.75,63.75
1022,8457,April,2025,1,61.2,61.2
1022,8512,April,2025,1,104.55,104.55
1023,25,April,2025,3,118.15,354.45
1023,8164,April,2025,1,119,119
1023,8457,April,2025,1,61.2,61.2
1023,8534,April,2025,1,102,102
1023,8674,April,2025,1,85,85
1024,8457,April,2025,1,61.2,61.2
1024,8664,April,2025,2,63.75,127.5
1024,8974,April,2025,1,119,119
1026,8457,April,2025,1,61.2,61.2
1027,25,April,2025,3,118.15,354.45
1028,25,April,2025,2,118.15,236.3
1028,8164,April,2025,1,119,119
1028,9065,April,2025,1,99.45,99.45
1029,44,April,2025,1,90.94,90.94
1029,8164,April,2025,1,119,119
1029,8457,April,2025,1,61.2,61.2
1029,9065,April,2025,1,99.45,99.45
1030,25,April,2025,3,118.15,354.45
1030,8974,April,2025,1,119,119
1031,25,April,2025,21,118.15,2481.15
1031,8164,April,2025,1,119,119
1031,8407,April,2025,1,127.5,127.5
1031,8457,April,2025,2,61.2,122.4
1031,8620,April,2025,2,144.5,289
1031,8974,April,2025,1,119,119
1032,8457,April,2025,1,61.2,61.2
1032,8974,April,2025,1,119,119
1037,25,April,2025,3,118.15,354.45
1037,8457,April,2025,1,61.2,61.2
1038,25,April,2025,2,118.15,236.3
1038,8164,April,2025,1,119,119
1038,8974,April,2025,1,119,119
1040,25,April,2025,3,118.15,354.45
1040,8457,April,2025,2,61.2,122.4
1040,8974,April,2025,2,119,238
1043,25,April,2025,1,118.15,118.15
1043,8457,April,2025,1,61.2,61.2
1044,25,April,2025,3,118.15,354.45
1044,8413,April,2025,1,95.17,95.17
1044,8512,April,2025,1,104.55,104.55
1044,8534,April,2025,1,102,102
1044,8974,April,2025,1,119,119
1045,25,April,2025,3,118.15,354.45
1045,8164,April,2025,1,119,119
1045,8406,April,2025,1,92,92
1045,8413,April,2025,1,95.17,95.17
1045,8512,April,2025,1,104.55,104.55
1045,8534,April,2025,1,102,102
1045,8975,April,2025,1,34,34
1046,8664,April,2025,1,63.75,63.75
1047,25,April,2025,9,118.15,1063.35
1047,49,April,2025,2,72.25,144.5
1047,8413,April,2025,1,95.17,95.17
1047,8457,April,2025,2,61.2,122.4
1047,8474,April,2025,1,125.65,125.65
1047,8485,April,2025,2,93.5,187
1047,8603,April,2025,1,51.85,51.85
1047,8620,April,2025,2,144.5,289
1047,8664,April,2025,1,63.75,63.75
1047,8673,April,2025,2,41.34,82.68
1047,8674,April,2025,1,85,85
1047,8974,April,2025,1,119,119
1047,8986,April,2025,2,93.5,187
1049,25,April,2025,10,118.15,1181.5
1049,8164,April,2025,5,119,595
1049,8406,April,2025,1,92,92
1049,8407,April,2025,1,127.5,127.5
1049,8457,April,2025,10,61.2,612
1049,8467,April,2025,3,333.2,999.6
1049,8485,April,2025,10,93.5,935
1049,8534,April,2025,10,102,1020
1049,8603,April,2025,6,51.85,311.1
1049,8605,April,2025,2,74.35,148.7
1049,8620,April,2025,2,144.5,289
1049,8633,April,2025,5,79.81,399.05
1049,8674,April,2025,10,85,850
1049,8901,April,2025,1,187,187
1049,8974,April,2025,1,119,119
1049,8975,April,2025,2,34,68
1049,8981,April,2025,1,85,85
1049,8986,April,2025,1,93.5,93.5
1049,9066,April,2025,1,290.03,290.03
1050,25,April,2025,3,118.15,354.45
1050,8457,April,2025,2,61.2,122.4
1050,8974,April,2025,1,119,119
1051,3,April,2025,3,324.7,974.1
1051,25,April,2025,1,118.15,118.15
1051,44,April,2025,1,90.94,90.94
1051,8406,April,2025,3,92,276
1051,8412,April,2025,1,127.5,127.5
1051,8457,April,2025,7,61.2,428.4
1051,8485,April,2025,2,93.5,187
1051,8534,April,2025,1,102,102
1051,8620,April,2025,1,144.5,144.5
1051,8664,April,2025,2,63.75,127.5
1051,8974,April,2025,7,119,833
1051,8980,April,2025,2,93.5,187
1051,9047,April,2025,1,212.5,212.5
1051,9065,April,2025,1,99.45,99.45
1052,25,April,2025,1,118.15,118.15
1052,8406,April,2025,1,92,92
1052,8413,April,2025,1,95.17,95.17
1052,8457,April,2025,1,61.2,61.2
1052,8974,April,2025,1,119,119
1056,3,April,2025,1,324.7,324.7
1056,44,April,2025,2,90.94,181.88
1056,8164,April,2025,3,119,357
1056,8406,April,2025,2,92,184
1056,8457,April,2025,3,61.2,183.6
1056,8485,April,2025,2,93.5,187
1056,8534,April,2025,1,102,102
1056,8603,April,2025,2,51.85,103.7
1056,8674,April,2025,2,85,170
1056,8815,April,2025,1,101.88,101.88
1056,8974,April,2025,2,119,238
1056,9001,April,2025,2,55.25,110.5
1060,25,April,2025,1,118.15,118.15
1060,8164,April,2025,1,119,119
1060,8457,April,2025,1,61.2,61.2
1066,3,April,2025,1,324.7,324.7
1066,8474,April,2025,1,125.65,125.65
1066,8974,April,2025,1,119,119
1066,8980,April,2025,1,93.5,93.5
1066,9006,April,2025,1,229.5,229.5
1067,25,April,2025,30,118.15,3544.5
1067,8620,April,2025,10,144.5,1445
1067,8986,April,2025,10,93.5,935
1070,23,April,2025,1,79.67,79.67
1070,8164,April,2025,5,119,595
1070,8457,April,2025,30,61.2,1836
1070,8467,April,2025,12,333.2,3998.4
1070,8485,April,2025,5,93.5,467.5
1070,8512,April,2025,4,104.55,418.2
1070,8534,April,2025,10,102,1020
1070,8603,April,2025,12,51.85,622.2
1070,8664,April,2025,40,63.75,2550
1070,8901,April,2025,2,187,374
1070,9012,April,2025,2,465.38,930.76
1074,25,April,2025,3,118.15,354.45
1074,8164,April,2025,1,119,119
1074,8406,April,2025,1,92,92
1074,8412,April,2025,1,127.5,127.5
1074,8485,April,2025,1,93.5,93.5
1079,3,April,2025,2,324.7,649.4
1079,8164,April,2025,5,119,595
1079,8457,April,2025,10,61.2,612
1079,8467,April,2025,7,333.2,2332.4
1083,8406,April,2025,1,92,92
1083,8457,April,2025,1,61.2,61.2
1083,8527,April,2025,1,29.75,29.75
1083,8534,April,2025,1,102,102
1083,8664,April,2025,1,63.75,63.75
1083,9065,April,2025,1,99.45,99.45
1084,8815,April,2025,1,101.88,101.88
1090,25,April,2025,1,118.15,118.15
1090,44,April,2025,1,90.94,90.94
1090,8406,April,2025,1,92,92
1090,8457,April,2025,4,61.2,244.8
1090,8467,April,2025,1,333.2,333.2
1090,8485,April,2025,2,93.5,187
1090,8512,April,2025,1,104.55,104.55
1090,8534,April,2025,1,102,102
1090,8815,April,2025,1,101.88,101.88
1090,9001,April,2025,5,55.25,276.25
1090,9065,April,2025,1,99.45,99.45
1092,25,April,2025,2,118.15,236.3
1092,8164,April,2025,1,119,119
1092,8457,April,2025,1,61.2,61.2
1099,25,April,2025,3,118.15,354.45
1099,8457,April,2025,1,61.2,61.2
1100,8594,April,2025,1,228.02,228.02
1101,25,April,2025,2,118.15,236.3
1101,44,April,2025,1,90.94,90.94
1101,8457,April,2025,2,61.2,122.4
1101,8974,April,2025,1,119,119
1101,8980,April,2025,1,93.5,93.5
1103,8457,April,2025,1,61.2,61.2
1105,3,April,2025,2,324.7,649.4
1105,8406,April,2025,1,92,92
1105,8413,April,2025,1,95.17,95.17
1105,8467,April,2025,1,333.2,333.2
1105,8485,April,2025,1,93.5,93.5
1105,8534,April,2025,1,102,102
1105,8664,April,2025,2,63.75,127.5
1105,8674,April,2025,1,85,85
1105,8974,April,2025,3,119,357
1108,8457,April,2025,1,61.2,61.2
1110,25,April,2025,45,118.15,5316.75
1110,8164,April,2025,12,119,1428
1110,8457,April,2025,15,61.2,918
1110,8485,April,2025,2,93.5,187
1110,8534,April,2025,10,102,1020
1110,8594,April,2025,8,228.02,1824.16
1110,8620,April,2025,8,144.5,1156
1110,8974,April,2025,6,119,714
1110,8986,April,2025,6,93.5,561
1110,9012,April,2025,2,465.38,930.76
1117,8457,April,2025,1,61.2,61.2
1117,8534,April,2025,1,102,102
1117,8603,April,2025,1,51.85,51.85
1117,8633,April,2025,1,79.81,79.81
1117,8664,April,2025,1,63.75,63.75
1119,8457,April,2025,2,61.2,122.4
1124,25,April,2025,1,118.15,118.15
1124,8457,April,2025,1,61.2,61.2
1125,25,April,2025,1,118.15,118.15
1125,8457,April,2025,1,61.2,61.2
1125,8974,April,2025,1,119,119
1125,8980,April,2025,1,93.5,93.5
1128,25,April,2025,2,118.15,236.3
1128,8164,April,2025,2,119,238
1128,8457,April,2025,2,61.2,122.4
1128,8485,April,2025,2,93.5,187
1128,8512,April,2025,1,104.55,104.55
1128,8534,April,2025,1,102,102
1128,8594,April,2025,1,228.02,228.02
1128,8674,April,2025,1,85,85
1128,8974,April,2025,1,119,119
1131,8164,April,2025,2,119,238
1131,8406,April,2025,1,92,92
1131,8457,April,2025,2,61.2,122.4
1131,8664,April,2025,1,63.75,63.75
1131,8974,April,2025,1,119,119
1133,8457,April,2025,2,61.2,122.4
1133,8594,April,2025,1,228.02,228.02
1138,25,April,2025,2,118.15,236.3
1138,8457,April,2025,1,61.2,61.2
1138,8664,April,2025,1,63.75,63.75
1140,25,April,2025,3,118.15,354.45
1140,8164,April,2025,2,119,238
1140,8664,April,2025,11,63.75,701.25
1145,8534,April,2025,1,102,102
1152,3,April,2025,1,324.7,324.7
1152,25,April,2025,2,118.15,236.3
1152,8457,April,2025,2,61.2,122.4
1152,8467,April,2025,1,333.2,333.2
1152,8534,April,2025,1,102,102
1152,8664,April,2025,1,63.75,63.75
1169,25,April,2025,1,118.15,118.15
1169,8457,April,2025,1,61.2,61.2
1169,8485,April,2025,1,93.5,93.5
1182,8974,April,2025,2,119,238
1190,25,April,2025,20,118.15,2363
1190,8164,April,2025,2,119,238
1190,8413,April,2025,2,95.17,190.34
1190,8457,April,2025,5,61.2,306
1190,8467,April,2025,8,333.2,2665.6
1190,8485,April,2025,15,93.5,1402.5
1190,8510,April,2025,1,599.15,599.15
1190,8512,April,2025,10,104.55,1045.5
1190,8603,April,2025,6,51.85,311.1
1190,8605,April,2025,5,74.35,371.75
1190,8664,April,2025,10,63.75,637.5
1190,9001,April,2025,2,55.25,110.5
1190,9012,April,2025,2,465.38,930.76
1191,3,April,2025,1,324.7,324.7
1191,23,April,2025,2,79.67,159.34
1191,8164,April,2025,4,119,476
1191,8406,April,2025,1,92,92
1191,8413,April,2025,2,95.17,190.34
1191,8457,April,2025,30,61.2,1836
1191,8467,April,2025,5,333.2,1666
1191,8485,April,2025,8,93.5,748
1191,8512,April,2025,5,104.55,522.75
1191,8534,April,2025,20,102,2040
1191,8594,April,2025,1,228.02,228.02
1191,8603,April,2025,9,51.85,466.65
1191,8605,April,2025,4,74.35,297.4
1191,8615,April,2025,1,49.73,49.73
1191,8620,April,2025,5,144.5,722.5
1191,8633,April,2025,2,79.81,159.62
1191,8664,April,2025,27,63.75,1721.25
1191,8673,April,2025,3,41.34,124.02
1191,8901,April,2025,1,187,187
1191,8974,April,2025,1,119,119
1191,8986,April,2025,10,93.5,935
1191,9001,April,2025,15,55.25,828.75
1191,9065,April,2025,2,99.45,198.9
1193,25,April,2025,2,118.15,236.3
1193,8457,April,2025,1,61.2,61.2
1195,8457,April,2025,1,61.2,61.2
1195,8485,April,2025,1,93.5,93.5
1195,8664,April,2025,1,63.75,63.75
1206,8457,April,2025,2,61.2,122.4
1206,8474,April,2025,1,125.65,125.65
1206,8603,April,2025,1,51.85,51.85
1206,8673,April,2025,1,41.34,41.34
1206,8974,April,2025,1,119,119
1206,8980,April,2025,1,93.5,93.5
1227,44,April,2025,1,90.94,90.94
1227,8457,April,2025,2,61.2,122.4
1232,8164,April,2025,1,119,119
1232,8603,April,2025,1,51.85,51.85
1245,23,April,2025,1,79.67,79.67
1245,25,April,2025,2,118.15,236.3
1245,8413,April,2025,1,95.17,95.17
1245,8467,April,2025,1,333.2,333.2
1245,8485,April,2025,1,93.5,93.5
1245,8594,April,2025,1,228.02,228.02
1245,8603,April,2025,1,51.85,51.85
1245,8633,April,2025,2,79.81,159.62
1245,8664,April,2025,2,63.75,127.5
1245,8673,April,2025,1,41.34,41.34
1245,8901,April,2025,1,187,187
1245,8974,April,2025,2,119,238
1245,8975,April,2025,1,34,34
1247,8974,April,2025,1,119,119
1248,25,April,2025,1,118.15,118.15
1248,8164,April,2025,1,119,119
1248,8406,April,2025,1,92,92
1248,8457,April,2025,1,61.2,61.2
1248,8664,April,2025,1,63.75,63.75
1258,8457,April,2025,1,61.2,61.2
1258,8620,April,2025,1,144.5,144.5
1282,25,April,2025,3,118.15,354.45
1282,8164,April,2025,1,119,119
1282,8974,April,2025,1,119,119
1316,25,April,2025,3,118.15,354.45
1323,8164,April,2025,1,119,119
1323,8406,April,2025,1,92,92
1323,8474,April,2025,2,125.65,251.3
1323,8534,April,2025,1,102,102
1323,8815,April,2025,1,101.88,101.88
1325,25,April,2025,1,118.15,118.15
1325,8457,April,2025,1,61.2,61.2
1325,8664,April,2025,1,63.75,63.75
1328,25,April,2025,30,118.15,3544.5
1328,8164,April,2025,20,119,2380
1328,8406,April,2025,5,92,460
1328,8407,April,2025,2,127.5,255
1328,8457,April,2025,15,61.2,918
1328,8467,April,2025,2,333.2,666.4
1328,8485,April,2025,10,93.5,935
1328,8603,April,2025,7,51.85,362.95
1328,8664,April,2025,5,63.75,318.75
1328,8974,April,2025,5,119,595
1328,8980,April,2025,2,93.5,187
1328,9001,April,2025,10,55.25,552.5
1330,25,April,2025,15,118.15,1772.25
1330,8901,April,2025,2,187,374
1331,25,April,2025,1,118.15,118.15
1331,8457,April,2025,1,61.2,61.2
1331,8974,April,2025,2,119,238
1331,8980,April,2025,1,93.5,93.5
1334,8406,April,2025,1,92,92
1334,8457,April,2025,1,61.2,61.2
1334,8474,April,2025,1,125.65,125.65
1334,8664,April,2025,1,63.75,63.75
1334,8974,April,2025,1,119,119
1339,25,April,2025,1,118.15,118.15
1339,8164,April,2025,1,119,119
1339,8457,April,2025,1,61.2,61.2
1339,8633,April,2025,1,79.81,79.81
1357,23,April,2025,1,79.67,79.67
1357,25,April,2025,1,118.15,118.15
1357,8534,April,2025,1,102,102
1357,8974,April,2025,1,119,119
1362,8407,April,2025,1,127.5,127.5
1362,8413,April,2025,1,95.17,95.17
1362,8457,April,2025,10,61.2,612
1362,8474,April,2025,2,125.65,251.3
1362,8512,April,2025,5,104.55,522.75
1362,8664,April,2025,10,63.75,637.5
1362,8974,April,2025,2,119,238
1362,9001,April,2025,10,55.25,552.5
1367,44,April,2025,1,90.94,90.94
1367,8406,April,2025,1,92,92
1367,8457,April,2025,2,61.2,122.4
1367,8485,April,2025,1,93.5,93.5
1367,8620,April,2025,1,144.5,144.5
1367,8664,April,2025,1,63.75,63.75
1367,8981,April,2025,1,85,85
1381,25,April,2025,30,118.15,3544.5
1381,8407,April,2025,3,127.5,382.5
1385,23,April,2025,1,79.67,79.67
1385,25,April,2025,2,118.15,236.3
1385,8164,April,2025,2,119,238
1385,8467,April,2025,1,333.2,333.2
1385,8534,April,2025,1,102,102
1385,8620,April,2025,1,144.5,144.5
1385,8633,April,2025,1,79.81,79.81
1385,8974,April,2025,3,119,357
1397,8457,April,2025,5,61.2,306
1397,8467,April,2025,1,333.2,333.2
1397,8485,April,2025,2,93.5,187
1397,8534,April,2025,6,102,612
1397,8603,April,2025,3,51.85,155.55
1397,8620,April,2025,2,144.5,289
1397,8664,April,2025,5,63.75,318.75
1397,8974,April,2025,1,119,119
1397,8980,April,2025,1,93.5,93.5
1397,8986,April,2025,1,93.5,93.5
1397,9001,April,2025,3,55.25,165.75
1397,9006,April,2025,1,229.5,229.5
1397,9047,April,2025,1,212.5,212.5
1406,8673,April,2025,1,41.34,41.34
1421,8164,April,2025,1,119,119
1421,8457,April,2025,1,61.2,61.2
1421,8534,April,2025,1,102,102
1421,8974,April,2025,2,119,238
1421,8980,April,2025,1,93.5,93.5
1429,25,April,2025,1,118.15,118.15
1429,8164,April,2025,1,119,119
1429,8485,April,2025,1,93.5,93.5
1440,8457,April,2025,1,61.2,61.2
1450,25,April,2025,3,118.15,354.45
1450,8457,April,2025,2,61.2,122.4
1450,8974,April,2025,1,119,119
1452,3,April,2025,1,324.7,324.7
1452,8457,April,2025,10,61.2,612
1452,8485,April,2025,3,93.5,280.5
1452,8534,April,2025,10,102,1020
1452,8974,April,2025,1,119,119
1453,8594,April,2025,1,228.02,228.02
1453,8674,April,2025,1,85,85
1453,8974,April,2025,4,119,476
1453,8980,April,2025,1,93.5,93.5
1453,9006,April,2025,1,229.5,229.5
1454,8457,April,2025,2,61.2,122.4
1457,8485,April,2025,5,93.5,467.5
1458,8457,April,2025,45,61.2,2754
1458,8605,April,2025,7,74.35,520.45
1462,8457,April,2025,3,61.2,183.6
1462,8527,April,2025,1,29.75,29.75
1462,8594,April,2025,1,228.02,228.02
1462,8974,April,2025,1,119,119
1462,8980,April,2025,1,93.5,93.5
1466,23,April,2025,1,79.67,79.67
1466,25,April,2025,4,118.15,472.6
1466,44,April,2025,1,90.94,90.94
1466,8457,April,2025,8,61.2,489.6
1466,8485,April,2025,3,93.5,280.5
1466,8534,April,2025,2,102,204
1466,8594,April,2025,1,228.02,228.02
1466,8620,April,2025,3,144.5,433.5
1466,8664,April,2025,1,63.75,63.75
1466,8975,April,2025,1,34,34
1466,8981,April,2025,1,85,85
1466,9001,April,2025,1,55.25,55.25
1466,9004,April,2025,1,85,85
1467,25,April,2025,1,118.15,118.15
1467,8457,April,2025,2,61.2,122.4
1467,8512,April,2025,1,104.55,104.55
1473,3,April,2025,1,324.7,324.7
1473,8406,April,2025,3,92,276
1473,8407,April,2025,4,127.5,510
1473,8413,April,2025,2,95.17,190.34
1473,8485,April,2025,2,93.5,187
1473,8512,April,2025,2,104.55,209.1
1473,8602,April,2025,1,362.34,362.34
1473,8603,April,2025,3,51.85,155.55
1473,8605,April,2025,1,74.35,74.35
1473,8664,April,2025,2,63.75,127.5
1480,8407,April,2025,1,127.5,127.5
1480,8413,April,2025,1,95.17,95.17
1480,8457,April,2025,2,61.2,122.4
1480,8605,April,2025,1,74.35,74.35
1495,8457,April,2025,15,61.2,918
1495,8510,April,2025,2,599.15,1198.3
1495,8514,April,2025,2,74.58,149.16
1495,8534,April,2025,4,102,408
1495,8603,April,2025,2,51.85,103.7
1495,8620,April,2025,4,144.5,578
1495,8664,April,2025,10,63.75,637.5
1495,8974,April,2025,3,119,357
1495,8975,April,2025,2,34,68
1495,9006,April,2025,1,229.5,229.5
1495,9012,April,2025,2,465.38,930.76
1498,8485,April,2025,1,93.5,93.5
1783,25,April,2025,18,118.15,2126.7
1783,8534,April,2025,12,102,1224
1783,9066,April,2025,2,290.03,580.06
2006,8457,April,2025,1,61.2,61.2
2006,8512,April,2025,2,104.55,209.1
2006,8664,April,2025,1,63.75,63.75
2006,8974,April,2025,1,119,119
2009,8457,April,2025,1,61.2,61.2
2009,8485,April,2025,1,93.5,93.5
2009,8603,April,2025,1,51.85,51.85
2011,25,April,2025,3,118.15,354.45
2011,8164,April,2025,1,119,119
2011,8457,April,2025,1,61.2,61.2
2011,8534,April,2025,2,102,204
2011,8664,April,2025,3,63.75,191.25
2012,8467,April,2025,3,333.2,999.6
2021,25,April,2025,1,118.15,118.15
2044,8467,April,2025,1,333.2,333.2
2044,8664,April,2025,10,63.75,637.5
2044,9001,April,2025,10,55.25,552.5
2076,25,April,2025,1,118.15,118.15
2096,8603,April,2025,2,51.85,103.7
2096,8664,April,2025,2,63.75,127.5
2096,8974,April,2025,1,119,119
2096,8975,April,2025,2,34,68
2096,8980,April,2025,1,93.5,93.5
2096,9065,April,2025,2,99.45,198.9
2109,25,April,2025,3,118.15,354.45
2109,8457,April,2025,1,61.2,61.2
2109,8534,April,2025,1,102,102
2132,8485,April,2025,1,93.5,93.5
2145,8164,April,2025,2,119,238
2145,8457,April,2025,2,61.2,122.4
2145,8512,April,2025,1,104.55,104.55
2145,8534,April,2025,1,102,102
2145,8664,April,2025,2,63.75,127.5
2199,8485,April,2025,1,93.5,93.5
3033,8594,April,2025,2,228.02,456.04
5001,3,April,2025,1,324.7,324.7
5001,25,April,2025,1,118.15,118.15
5001,8457,April,2025,2,61.2,122.4
5001,8527,April,2025,3,29.75,89.25
5001,8605,April,2025,1,74.35,74.35
5001,8673,April,2025,2,41.34,82.68
5001,8974,April,2025,3,119,357
5001,9012,April,2025,1,465.38,465.38
5002,8406,April,2025,1,92,92
5002,8407,April,2025,1,127.5,127.5
5002,8457,April,2025,3,61.2,183.6
5002,8467,April,2025,1,333.2,333.2
5002,8510,April,2025,3,599.15,1797.45
5002,8603,April,2025,16,51.85,829.6
5002,8664,April,2025,1,63.75,63.75
5002,9001,April,2025,3,55.25,165.75
5003,8457,April,2025,3,61.2,183.6
5003,8512,April,2025,1,104.55,104.55
5003,8534,April,2025,2,102,204
5003,8974,April,2025,2,119,238
5003,8980,April,2025,1,93.5,93.5
5003,9001,April,2025,1,55.25,55.25
5004,8406,April,2025,1,92,92
5004,8413,April,2025,1,95.17,95.17
5004,8512,April,2025,1,104.55,104.55
5004,8633,April,2025,1,79.81,79.81
5004,8673,April,2025,1,41.34,41.34
5005,25,April,2025,1,118.15,118.15
5006,8457,April,2025,3,61.2,183.6
5006,8603,April,2025,2,51.85,103.7
5006,8974,April,2025,1,119,119
5006,8980,April,2025,1,93.5,93.5
5007,3,April,2025,1,324.7,324.7
5007,8664,April,2025,2,63.75,127.5
5007,8974,April,2025,1,119,119
5007,9001,April,2025,1,55.25,55.25
5009,3,April,2025,1,324.7,324.7
5009,25,April,2025,7,118.15,827.05
5009,8485,April,2025,1,93.5,93.5
5009,8603,April,2025,1,51.85,51.85
5009,8664,April,2025,2,63.75,127.5
5009,8974,April,2025,2,119,238
5009,8980,April,2025,2,93.5,187
5012,8457,April,2025,3,61.2,183.6
5012,8467,April,2025,3,333.2,999.6
5012,8512,April,2025,2,104.55,209.1
5012,8603,April,2025,2,51.85,103.7
5014,3,April,2025,1,324.7,324.7
5014,23,April,2025,1,79.67,79.67
5014,25,April,2025,16,118.15,1890.4
5014,8467,April,2025,1,333.2,333.2
5014,8527,April,2025,1,29.75,29.75
5014,8534,April,2025,1,102,102
5014,8605,April,2025,1,74.35,74.35
5014,8664,April,2025,1,63.75,63.75
5014,8673,April,2025,1,41.34,41.34
5019,8457,April,2025,7,61.2,428.4
5026,8457,April,2025,9,61.2,550.8
5026,8534,April,2025,2,102,204
5026,8603,April,2025,5,51.85,259.25
5026,8673,April,2025,2,41.34,82.68
5027,8605,April,2025,3,74.35,223.05
5027,8673,April,2025,1,41.34,41.34
5028,8474,April,2025,2,125.65,251.3
5028,8901,April,2025,1,187,187
5029,25,April,2025,4,118.15,472.6
5029,44,April,2025,1,90.94,90.94
5029,8164,April,2025,1,119,119
5029,8457,April,2025,2,61.2,122.4
5029,8527,April,2025,2,29.75,59.5
5029,8534,April,2025,1,102,102
5029,8594,April,2025,1,228.02,228.02
5029,8673,April,2025,1,41.34,41.34
5029,8974,April,2025,1,119,119
5029,9065,April,2025,1,99.45,99.45
5031,25,April,2025,1,118.15,118.15
5031,49,April,2025,2,72.25,144.5
5031,8164,April,2025,1,119,119
5031,8406,April,2025,3,92,276
5031,8407,April,2025,7,127.5,892.5
5031,8413,April,2025,2,95.17,190.34
5031,8457,April,2025,1,61.2,61.2
5031,8474,April,2025,1,125.65,125.65
5031,8485,April,2025,3,93.5,280.5
5031,8527,April,2025,2,29.75,59.5
5031,8534,April,2025,1,102,102
5031,8664,April,2025,1,63.75,63.75
5031,8673,April,2025,1,41.34,41.34
5031,8800,April,2025,1,59.5,59.5
5031,8815,April,2025,2,101.88,203.76
5031,8975,April,2025,2,34,68
5032,8164,April,2025,2,119,238
5032,8474,April,2025,1,125.65,125.65
5032,8512,April,2025,1,104.55,104.55
5032,8527,April,2025,1,29.75,29.75
5032,8633,April,2025,3,79.81,239.43
5032,9001,April,2025,1,55.25,55.25
5035,25,April,2025,45,118.15,5316.75
5035,8164,April,2025,3,119,357
5035,8407,April,2025,1,127.5,127.5
5035,8457,April,2025,1,61.2,61.2
5035,8510,April,2025,1,599.15,599.15
5035,8620,April,2025,2,144.5,289
5035,8664,April,2025,1,63.75,63.75
5035,8974,April,2025,1,119,119
5035,8975,April,2025,1,34,34
5035,8986,April,2025,2,93.5,187
5038,8164,April,2025,2,119,238
5038,8406,April,2025,1,92,92
5038,8467,April,2025,1,333.2,333.2
5038,8605,April,2025,1,74.35,74.35
5038,8974,April,2025,2,119,238
5038,9001,April,2025,4,55.25,221
5039,25,April,2025,3,118.15,354.45
5039,44,April,2025,1,90.94,90.94
5039,8164,April,2025,4,119,476
5039,8457,April,2025,6,61.2,367.2
5039,8474,April,2025,6,125.65,753.9
5039,8594,April,2025,3,228.02,684.06
5039,8605,April,2025,1,74.35,74.35
5039,8800,April,2025,2,59.5,119
5039,8974,April,2025,1,119,119
5039,8980,April,2025,1,93.5,93.5
5039,8981,April,2025,1,85,85
5041,25,April,2025,2,118.15,236.3
5042,3,April,2025,1,324.7,324.7
5042,8164,April,2025,4,119,476
5042,8527,April,2025,5,29.75,148.75
5042,8534,April,2025,4,102,408
5042,8603,April,2025,3,51.85,155.55
5042,8605,April,2025,1,74.35,74.35
5042,8664,April,2025,2,63.75,127.5
5042,8673,April,2025,2,41.34,82.68
5043,8603,April,2025,1,51.85,51.85
5043,9001,April,2025,3,55.25,165.75
5044,44,April,2025,1,90.94,90.94
5044,8407,April,2025,1,127.5,127.5
5044,8485,April,2025,1,93.5,93.5
5044,8512,April,2025,1,104.55,104.55
5044,8594,April,2025,1,228.02,228.02
5044,8603,April,2025,2,51.85,103.7
5044,8664,April,2025,1,63.75,63.75
5044,8673,April,2025,2,41.34,82.68
5044,8815,April,2025,1,101.88,101.88
5044,9001,April,2025,4,55.25,221
5044,9065,April,2025,1,99.45,99.45
5048,8407,April,2025,2,127.5,255
5048,8800,April,2025,1,59.5,59.5
5048,9065,April,2025,1,99.45,99.45
5050,8605,April,2025,4,74.35,297.4
5051,25,April,2025,1,118.15,118.15
5051,44,April,2025,1,90.94,90.94
5051,8605,April,2025,1,74.35,74.35
5051,8615,April,2025,1,49.73,49.73
5051,8664,April,2025,1,63.75,63.75
5051,8815,April,2025,1,101.88,101.88
5052,8485,April,2025,1,93.5,93.5
5052,8594,April,2025,2,228.02,456.04
5052,8615,April,2025,1,49.73,49.73
5052,8620,April,2025,1,144.5,144.5
5052,8974,April,2025,1,119,119
5052,8975,April,2025,1,34,34
5052,8980,April,2025,1,93.5,93.5
5054,25,April,2025,2,118.15,236.3
5054,44,April,2025,1,90.94,90.94
5054,8527,April,2025,1,29.75,29.75
5054,8594,April,2025,1,228.02,228.02
5054,8603,April,2025,1,51.85,51.85
5054,8664,April,2025,1,63.75,63.75
5054,8673,April,2025,1,41.34,41.34
5054,8975,April,2025,1,34,34
5054,9065,April,2025,2,99.45,198.9
5056,25,April,2025,4,118.15,472.6
5056,8457,April,2025,1,61.2,61.2
5056,8485,April,2025,1,93.5,93.5
5056,9065,April,2025,1,99.45,99.45
5061,44,April,2025,1,90.94,90.94
5061,8406,April,2025,1,92,92
5061,8457,April,2025,14,61.2,856.8
5061,8512,April,2025,1,104.55,104.55
5061,8603,April,2025,4,51.85,207.4
5061,8605,April,2025,2,74.35,148.7
5061,8620,April,2025,1,144.5,144.5
5061,8664,April,2025,3,63.75,191.25
5061,8673,April,2025,5,41.34,206.7
5061,8974,April,2025,3,119,357
5061,8975,April,2025,1,34,34
5061,8980,April,2025,3,93.5,280.5
5061,9001,April,2025,3,55.25,165.75
5061,9006,April,2025,2,229.5,459
5070,8457,April,2025,1,61.2,61.2
5070,8485,April,2025,1,93.5,93.5
5070,8603,April,2025,1,51.85,51.85
5070,8673,April,2025,1,41.34,41.34
5071,3,April,2025,1,324.7,324.7
5071,25,April,2025,6,118.15,708.9
5071,49,April,2025,2,72.25,144.5
5071,8413,April,2025,2,95.17,190.34
5071,8457,April,2025,2,61.2,122.4
5071,8474,April,2025,1,125.65,125.65
5071,8485,April,2025,1,93.5,93.5
5071,8512,April,2025,1,104.55,104.55
5071,8534,April,2025,2,102,204
5071,8594,April,2025,1,228.02,228.02
5071,8620,April,2025,2,144.5,289
5071,8974,April,2025,2,119,238
5071,8975,April,2025,1,34,34
5071,8981,April,2025,1,85,85
5071,9004,April,2025,1,85,85
5076,25,April,2025,12,118.15,1417.8
5076,8164,April,2025,2,119,238
5076,8457,April,2025,1,61.2,61.2
5076,8594,April,2025,1,228.02,228.02
5076,8602,April,2025,1,362.34,362.34
5076,8664,April,2025,1,63.75,63.75
5076,8974,April,2025,1,119,119
5076,8975,April,2025,1,34,34
5076,8980,April,2025,1,93.5,93.5
5079,25,April,2025,4,118.15,472.6
5079,8457,April,2025,1,61.2,61.2
5079,8974,April,2025,1,119,119
5080,25,April,2025,1,118.15,118.15
5080,8457,April,2025,1,61.2,61.2
5080,8485,April,2025,1,93.5,93.5
5082,3,April,2025,1,324.7,324.7
5082,25,April,2025,3,118.15,354.45
5082,44,April,2025,1,90.94,90.94
5082,8164,April,2025,2,119,238
5082,8457,April,2025,1,61.2,61.2
5082,8485,April,2025,1,93.5,93.5
5082,8527,April,2025,2,29.75,59.5
5082,8534,April,2025,2,102,204
5082,8673,April,2025,1,41.34,41.34
5082,8974,April,2025,1,119,119
5082,9001,April,2025,1,55.25,55.25
5082,9012,April,2025,1,465.38,465.38
5083,44,April,2025,1,90.94,90.94
5083,8975,April,2025,1,34,34
5083,9065,April,2025,1,99.45,99.45
5089,8457,April,2025,1,61.2,61.2
5089,8603,April,2025,1,51.85,51.85
5102,8605,April,2025,1,74.35,74.35
5102,9001,April,2025,1,55.25,55.25
5103,8485,April,2025,2,93.5,187
5111,25,April,2025,2,118.15,236.3
5111,8457,April,2025,1,61.2,61.2
5111,8485,April,2025,1,93.5,93.5
5111,8514,April,2025,1,74.58,74.58
5111,8633,April,2025,1,79.81,79.81
5111,8664,April,2025,1,63.75,63.75
5111,8673,April,2025,2,41.34,82.68
5112,44,April,2025,1,90.94,90.94
5114,8467,April,2025,1,333.2,333.2
5114,8603,April,2025,4,51.85,207.4
5114,8605,April,2025,1,74.35,74.35
5114,8633,April,2025,3,79.81,239.43
5114,8673,April,2025,2,41.34,82.68
5114,9001,April,2025,3,55.25,165.75
5114,9012,April,2025,1,465.38,465.38
5115,3,April,2025,1,324.7,324.7
5115,8457,April,2025,7,61.2,428.4
5115,8467,April,2025,2,333.2,666.4
5115,8474,April,2025,3,125.65,376.95
5115,8485,April,2025,4,93.5,374
5115,8527,April,2025,1,29.75,29.75
5115,8594,April,2025,3,228.02,684.06
5115,8605,April,2025,1,74.35,74.35
5115,8615,April,2025,2,49.73,99.46
5115,8620,April,2025,2,144.5,289
5115,8868,April,2025,1,374,374
5115,9001,April,2025,15,55.25,828.75
5115,9004,April,2025,1,85,85
5115,9012,April,2025,2,465.38,930.76
5115,9066,April,2025,1,290.03,290.03
5116,25,April,2025,1,118.15,118.15
5116,8602,April,2025,1,362.34,362.34
5116,8615,April,2025,1,49.73,49.73
5116,8673,April,2025,1,41.34,41.34
5116,8974,April,2025,1,119,119
5116,9065,April,2025,3,99.45,298.35
5119,25,April,2025,1,118.15,118.15
5119,8594,April,2025,2,228.02,456.04
5119,8633,April,2025,1,79.81,79.81
5119,8664,April,2025,1,63.75,63.75
5122,25,April,2025,1,118.15,118.15
5122,8514,April,2025,1,74.58,74.58
5122,8673,April,2025,1,41.34,41.34
5122,8815,April,2025,1,101.88,101.88
5122,9001,April,2025,1,55.25,55.25
5123,8527,April,2025,1,29.75,29.75
5123,8664,April,2025,1,63.75,63.75
5123,9001,April,2025,4,55.25,221
5123,9012,April,2025,1,465.38,465.38
5124,8407,April,2025,1,127.5,127.5
5124,8457,April,2025,3,61.2,183.6
5124,8467,April,2025,2,333.2,666.4
5124,8527,April,2025,2,29.75,59.5
5124,8603,April,2025,2,51.85,103.7
5124,8605,April,2025,1,74.35,74.35
5124,8664,April,2025,2,63.75,127.5
5124,9006,April,2025,1,229.5,229.5
5125,8534,April,2025,1,102,102
5128,3,April,2025,1,324.7,324.7
5128,25,April,2025,25,118.15,2953.75
5128,44,April,2025,2,90.94,181.88
5128,8164,April,2025,4,119,476
5128,8407,April,2025,2,127.5,255
5128,8457,April,2025,21,61.2,1285.2
5128,8485,April,2025,4,93.5,374
5128,8514,April,2025,3,74.58,223.74
5128,8534,April,2025,4,102,408
5128,8594,April,2025,6,228.02,1368.12
5128,8603,April,2025,3,51.85,155.55
5128,8605,April,2025,1,74.35,74.35
5128,8664,April,2025,2,63.75,127.5
5128,8673,April,2025,2,41.34,82.68
5128,8815,April,2025,2,101.88,203.76
5128,8974,April,2025,3,119,357
5128,8980,April,2025,3,93.5,280.5
5128,9004,April,2025,1,85,85
5128,9012,April,2025,1,465.38,465.38
5128,9047,April,2025,1,212.5,212.5
5130,8457,April,2025,1,61.2,61.2
5130,8633,April,2025,1,79.81,79.81
5130,8664,April,2025,1,63.75,63.75
5130,9001,April,2025,1,55.25,55.25
5130,9065,April,2025,1,99.45,99.45
5132,8457,April,2025,15,61.2,918
5132,8467,April,2025,2,333.2,666.4
5132,8605,April,2025,2,74.35,148.7
5133,8406,April,2025,1,92,92
5133,8407,April,2025,1,127.5,127.5
5133,9001,April,2025,1,55.25,55.25
5154,3,April,2025,2,324.7,649.4
5154,25,April,2025,15,118.15,1772.25
5154,8474,April,2025,5,125.65,628.25
6012,25,April,2025,1,118.15,118.15
6012,8457,April,2025,5,61.2,306
6012,8974,April,2025,1,119,119
6012,8980,April,2025,1,93.5,93.5
6012,9001,April,2025,3,55.25,165.75
7102,8406,April,2025,1,92,92
7102,8407,April,2025,1,127.5,127.5
7102,8901,April,2025,2,187,374
7117,8974,April,2025,2,119,238
8002,8457,April,2025,3,61.2,183.6
8002,8485,April,2025,1,93.5,93.5
8002,8603,April,2025,1,51.85,51.85
8002,8620,April,2025,1,144.5,144.5
8002,8664,April,2025,1,63.75,63.75
8002,8974,April,2025,1,119,119
8004,25,April,2025,3,118.15,354.45
8004,44,April,2025,1,90.94,90.94
8004,49,April,2025,2,72.25,144.5
8004,8457,April,2025,8,61.2,489.6
8004,8485,April,2025,1,93.5,93.5
8004,8512,April,2025,1,104.55,104.55
8004,8534,April,2025,3,102,306
8004,8594,April,2025,2,228.02,456.04
8004,8603,April,2025,1,51.85,51.85
8004,8605,April,2025,1,74.35,74.35
8004,8974,April,2025,1,119,119
8004,8975,April,2025,1,34,34
8004,8980,April,2025,2,93.5,187
8004,9006,April,2025,1,229.5,229.5
8004,9047,April,2025,1,212.5,212.5
8004,9065,April,2025,1,99.45,99.45
8006,8412,April,2025,1,127.5,127.5
8006,8457,April,2025,2,61.2,122.4
8006,8534,April,2025,4,102,408
8006,8975,April,2025,1,34,34
8006,9006,April,2025,1,229.5,229.5
8007,8407,April,2025,1,127.5,127.5
8007,8457,April,2025,4,61.2,244.8
8007,8512,April,2025,1,104.55,104.55
8007,8534,April,2025,3,102,306
8007,8594,April,2025,1,228.02,228.02
8007,8603,April,2025,1,51.85,51.85
8007,9065,April,2025,1,99.45,99.45
8010,8457,April,2025,1,61.2,61.2
8012,44,April,2025,1,90.94,90.94
8012,49,April,2025,2,72.25,144.5
8012,8407,April,2025,1,127.5,127.5
8012,8412,April,2025,1,127.5,127.5
8012,8457,April,2025,5,61.2,306
8012,8474,April,2025,1,125.65,125.65
8012,8485,April,2025,1,93.5,93.5
8012,8512,April,2025,1,104.55,104.55
8012,8527,April,2025,1,29.75,29.75
8012,8534,April,2025,2,102,204
8012,8594,April,2025,2,228.02,456.04
8012,8605,April,2025,1,74.35,74.35
8012,8633,April,2025,1,79.81,79.81
8012,8664,April,2025,1,63.75,63.75
8012,8673,April,2025,1,41.34,41.34
8012,8974,April,2025,1,119,119
8012,8975,April,2025,3,34,102
8012,9065,April,2025,1,99.45,99.45
8015,25,April,2025,60,118.15,7089
8015,44,April,2025,1,90.94,90.94
8015,8474,April,2025,1,125.65,125.65
8015,8485,April,2025,1,93.5,93.5
8015,8620,April,2025,2,144.5,289
8015,9065,April,2025,3,99.45,298.35
8019,25,April,2025,1,118.15,118.15
8019,8457,April,2025,1,61.2,61.2
8020,8457,April,2025,2,61.2,122.4
8020,8534,April,2025,1,102,102
8020,8633,April,2025,1,79.81,79.81
8020,8664,April,2025,1,63.75,63.75
8020,8673,April,2025,1,41.34,41.34
8020,8974,April,2025,2,119,238
8021,8407,April,2025,1,127.5,127.5
8021,8457,April,2025,2,61.2,122.4
8021,8534,April,2025,2,102,204
8021,8594,April,2025,2,228.02,456.04
8022,25,April,2025,1,118.15,118.15
8022,8412,April,2025,1,127.5,127.5
8022,8457,April,2025,3,61.2,183.6
8022,8485,April,2025,1,93.5,93.5
8022,8534,April,2025,3,102,306
8022,8603,April,2025,1,51.85,51.85
8022,8633,April,2025,1,79.81,79.81
8023,25,April,2025,3,118.15,354.45
8023,44,April,2025,1,90.94,90.94
8023,8407,April,2025,1,127.5,127.5
8023,8457,April,2025,3,61.2,183.6
8023,8485,April,2025,1,93.5,93.5
8023,8512,April,2025,1,104.55,104.55
8023,8534,April,2025,4,102,408
8023,8673,April,2025,1,41.34,41.34
8023,8974,April,2025,1,119,119
8023,8975,April,2025,1,34,34
8023,9065,April,2025,1,99.45,99.45
8026,3,April,2025,3,324.7,974.1
8026,25,April,2025,10,118.15,1181.5
8026,8406,April,2025,1,92,92
8026,8457,April,2025,15,61.2,918
8026,8485,April,2025,5,93.5,467.5
8026,8534,April,2025,5,102,510
8026,8594,April,2025,4,228.02,912.08
8026,8620,April,2025,2,144.5,289
8026,8664,April,2025,5,63.75,318.75
8026,8673,April,2025,2,41.34,82.68
8026,8974,April,2025,4,119,476
8027,8457,April,2025,30,61.2,1836
8027,8474,April,2025,2,125.65,251.3
8027,8485,April,2025,2,93.5,187
8027,8664,April,2025,1,63.75,63.75
8027,8673,April,2025,2,41.34,82.68
8027,8974,April,2025,1,119,119
8030,3,April,2025,2,324.7,649.4
8030,8457,April,2025,15,61.2,918
8030,8467,April,2025,1,333.2,333.2
8030,8474,April,2025,4,125.65,502.6
8030,8485,April,2025,4,93.5,374
8030,8534,April,2025,4,102,408
8030,8974,April,2025,3,119,357
8030,8975,April,2025,1,34,34
8030,8980,April,2025,2,93.5,187
8030,9065,April,2025,3,99.45,298.35
8031,25,April,2025,1,118.15,118.15
8031,8457,April,2025,1,61.2,61.2
8031,8485,April,2025,1,93.5,93.5
8031,8534,April,2025,1,102,102
8031,8974,April,2025,1,119,119
8034,8407,April,2025,6,127.5,765
8034,8474,April,2025,20,125.65,2513
8034,8815,April,2025,1,101.88,101.88
8036,25,April,2025,2,118.15,236.3
8036,8457,April,2025,2,61.2,122.4
8036,8514,April,2025,1,74.58,74.58
8036,8664,April,2025,1,63.75,63.75
8036,8975,April,2025,1,34,34
8037,8485,April,2025,1,93.5,93.5
8037,8594,April,2025,1,228.02,228.02
8038,8457,April,2025,1,61.2,61.2
8043,25,April,2025,1,118.15,118.15
8043,8457,April,2025,1,61.2,61.2
8043,8512,April,2025,1,104.55,104.55
8043,8514,April,2025,1,74.58,74.58
8043,8534,April,2025,1,102,102
8043,8594,April,2025,1,228.02,228.02
8044,25,April,2025,2,118.15,236.3
8044,44,April,2025,1,90.94,90.94
8044,8534,April,2025,2,102,204
8045,8406,April,2025,1,92,92
8045,8407,April,2025,1,127.5,127.5
8045,8412,April,2025,2,127.5,255
8045,8457,April,2025,4,61.2,244.8
8045,8485,April,2025,2,93.5,187
8045,8603,April,2025,2,51.85,103.7
8045,8974,April,2025,1,119,119
8046,8164,April,2025,1,119,119
8051,8457,April,2025,1,61.2,61.2
8051,8673,April,2025,1,41.34,41.34
8051,8974,April,2025,1,119,119
8051,8975,April,2025,1,34,34
8053,3,April,2025,7,324.7,2272.9
8053,25,April,2025,45,118.15,5316.75
8053,44,April,2025,10,90.94,909.4
8053,49,April,2025,20,72.25,1445
8053,8406,April,2025,2,92,184
8053,8407,April,2025,11,127.5,1402.5
8053,8457,April,2025,105,61.2,6426
8053,8467,April,2025,7,333.2,2332.4
8053,8512,April,2025,10,104.55,1045.5
8053,8514,April,2025,30,74.58,2237.4
8053,8534,April,2025,64,102,6528
8053,8594,April,2025,11,228.02,2508.22
8053,8602,April,2025,3,362.34,1087.02
8053,8603,April,2025,21,51.85,1088.85
8053,8605,April,2025,3,74.35,223.05
8053,8620,April,2025,21,144.5,3034.5
8053,8633,April,2025,15,79.81,1197.15
8053,8664,April,2025,10,63.75,637.5
8053,8673,April,2025,1,41.34,41.34
8053,8974,April,2025,3,119,357
8053,8975,April,2025,10,34,340
8053,8980,April,2025,5,93.5,467.5
8053,8981,April,2025,10,85,850
8053,8986,April,2025,22,93.5,2057
8053,9001,April,2025,15,55.25,828.75
8053,9004,April,2025,1,85,85
8053,9006,April,2025,1,229.5,229.5
8053,9012,April,2025,12,465.38,5584.56
8053,9044,April,2025,1,442.59,442.59
8053,9047,April,2025,3,212.5,637.5
8053,9066,April,2025,2,290.03,580.06
8056,25,April,2025,2,118.15,236.3
8056,8457,April,2025,2,61.2,122.4
8056,8512,April,2025,1,104.55,104.55
8056,8534,April,2025,1,102,102
8056,8594,April,2025,2,228.02,456.04
8056,8664,April,2025,1,63.75,63.75
8058,8457,April,2025,4,61.2,244.8
8058,8534,April,2025,1,102,102
8058,8974,April,2025,1,119,119
8059,3,April,2025,2,324.7,649.4
8059,8457,April,2025,11,61.2,673.2
8059,8485,April,2025,3,93.5,280.5
8059,8534,April,2025,1,102,102
8059,8594,April,2025,1,228.02,228.02
8059,8615,April,2025,1,49.73,49.73
8059,8620,April,2025,2,144.5,289
8059,8633,April,2025,1,79.81,79.81
8059,8673,April,2025,2,41.34,82.68
8059,8800,April,2025,1,59.5,59.5
8059,8868,April,2025,1,374,374
8059,8901,April,2025,1,187,187
8059,8974,April,2025,3,119,357
8059,8980,April,2025,1,93.5,93.5
8059,8981,April,2025,1,85,85
8059,9004,April,2025,1,85,85
8059,9006,April,2025,6,229.5,1377
8059,9065,April,2025,2,99.45,198.9
8061,3,April,2025,1,324.7,324.7
8061,25,April,2025,15,118.15,1772.25
8061,49,April,2025,1,72.25,72.25
8061,8457,April,2025,7,61.2,428.4
8061,8467,April,2025,1,333.2,333.2
8061,8485,April,2025,1,93.5,93.5
8061,8594,April,2025,1,228.02,228.02
8061,8664,April,2025,2,63.75,127.5
8061,8975,April,2025,1,34,34
8062,8457,April,2025,2,61.2,122.4
8063,25,April,2025,2,118.15,236.3
8063,44,April,2025,1,90.94,90.94
8063,8406,April,2025,1,92,92
8063,8407,April,2025,1,127.5,127.5
8063,8457,April,2025,2,61.2,122.4
8063,8485,April,2025,1,93.5,93.5
8063,8974,April,2025,1,119,119
8064,3,April,2025,1,324.7,324.7
8064,44,April,2025,5,90.94,454.7
8064,8457,April,2025,16,61.2,979.2
8064,8467,April,2025,3,333.2,999.6
8064,8485,April,2025,1,93.5,93.5
8064,8514,April,2025,1,74.58,74.58
8064,8664,April,2025,3,63.75,191.25
8064,8673,April,2025,2,41.34,82.68
8064,8815,April,2025,1,101.88,101.88
8064,8974,April,2025,11,119,1309
8065,25,April,2025,30,118.15,3544.5
8065,8457,April,2025,1,61.2,61.2
8065,8485,April,2025,2,93.5,187
8065,8534,April,2025,6,102,612
8065,8633,April,2025,3,79.81,239.43
8065,8800,April,2025,1,59.5,59.5
8065,8975,April,2025,1,34,34
8065,9001,April,2025,3,55.25,165.75
8067,23,April,2025,1,79.67,79.67
8067,25,April,2025,1,118.15,118.15
8067,8457,April,2025,1,61.2,61.2
8067,8594,April,2025,1,228.02,228.02
8067,8673,April,2025,1,41.34,41.34
8070,25,April,2025,5,118.15,590.75
8070,44,April,2025,1,90.94,90.94
8070,49,April,2025,2,72.25,144.5
8070,8534,April,2025,2,102,204
8070,8594,April,2025,1,228.02,228.02
8070,8605,April,2025,1,74.35,74.35
8070,8620,April,2025,1,144.5,144.5
8070,8664,April,2025,1,63.75,63.75
8070,8974,April,2025,1,119,119
8070,8975,April,2025,2,34,68
8070,8980,April,2025,1,93.5,93.5
8070,8981,April,2025,1,85,85
8070,9001,April,2025,3,55.25,165.75
8070,9065,April,2025,2,99.45,198.9
8076,44,April,2025,1,90.94,90.94
8076,8457,April,2025,1,61.2,61.2
8076,8594,April,2025,1,228.02,228.02
8076,8974,April,2025,1,119,119
8078,25,April,2025,1,118.15,118.15
8082,3,April,2025,4,324.7,1298.8
8082,44,April,2025,2,90.94,181.88
8082,8467,April,2025,1,333.2,333.2
8082,8664,April,2025,11,63.75,701.25
8082,9012,April,2025,2,465.38,930.76
8082,9066,April,2025,1,290.03,290.03
8083,44,April,2025,1,90.94,90.94
8083,8407,April,2025,1,127.5,127.5
8083,8412,April,2025,1,127.5,127.5
8083,8457,April,2025,1,61.2,61.2
8083,8594,April,2025,1,228.02,228.02
8083,8620,April,2025,1,144.5,144.5
8083,8633,April,2025,1,79.81,79.81
8091,44,April,2025,1,90.94,90.94
8091,8407,April,2025,1,127.5,127.5
8091,8457,April,2025,3,61.2,183.6
8091,8534,April,2025,1,102,102
8091,8633,April,2025,1,79.81,79.81
8091,8673,April,2025,1,41.34,41.34
8093,8407,April,2025,1,127.5,127.5
8093,8457,April,2025,5,61.2,306
8093,8467,April,2025,1,333.2,333.2
8096,8457,April,2025,1,61.2,61.2
8098,25,April,2025,4,118.15,472.6
8098,8457,April,2025,14,61.2,856.8
8098,8467,April,2025,1,333.2,333.2
8098,8485,April,2025,2,93.5,187
8098,8534,April,2025,4,102,408
8098,8594,April,2025,2,228.02,456.04
8098,8605,April,2025,1,74.35,74.35
8098,8664,April,2025,5,63.75,318.75
8098,8673,April,2025,2,41.34,82.68
8098,8800,April,2025,3,59.5,178.5
8098,9001,April,2025,3,55.25,165.75
8098,9012,April,2025,1,465.38,465.38
8110,3,April,2025,1,324.7,324.7
8110,23,April,2025,1,79.67,79.67
8110,25,April,2025,4,118.15,472.6
8110,8164,April,2025,1,119,119
8110,8406,April,2025,1,92,92
8110,8407,April,2025,2,127.5,255
8110,8412,April,2025,1,127.5,127.5
8110,8457,April,2025,19,61.2,1162.8
8110,8485,April,2025,3,93.5,280.5
8110,8514,April,2025,1,74.58,74.58
8110,8534,April,2025,3,102,306
8110,8594,April,2025,1,228.02,228.02
8110,8603,April,2025,2,51.85,103.7
8110,8620,April,2025,2,144.5,289
8110,8633,April,2025,1,79.81,79.81
8110,8664,April,2025,1,63.75,63.75
8110,8673,April,2025,3,41.34,124.02
8110,8974,April,2025,21,119,2499
8110,8975,April,2025,3,34,102
8110,8981,April,2025,1,85,85
8110,9004,April,2025,1,85,85
8110,9006,April,2025,2,229.5,459
8110,9012,April,2025,1,465.38,465.38
8110,9047,April,2025,1,212.5,212.5
8110,9066,April,2025,25,290.03,7250.75
8111,25,April,2025,3,118.15,354.45
8111,49,April,2025,1,72.25,72.25
8111,8457,April,2025,9,61.2,550.8
8111,8534,April,2025,5,102,510
8111,8594,April,2025,1,228.02,228.02
8111,8664,April,2025,1,63.75,63.75
8111,8815,April,2025,1,101.88,101.88
8111,8974,April,2025,1,119,119
8111,8975,April,2025,1,34,34
8114,25,April,2025,60,118.15,7089
8114,8457,April,2025,75,61.2,4590
8114,8512,April,2025,15,104.55,1568.25
8114,8664,April,2025,10,63.75,637.5
8114,9065,April,2025,7,99.45,696.15
8117,8868,April,2025,8,374,2992
8120,3,April,2025,1,324.7,324.7
8120,8457,April,2025,3,61.2,183.6
8120,8474,April,2025,1,125.65,125.65
8120,8534,April,2025,3,102,306
8120,8603,April,2025,1,51.85,51.85
8120,8620,April,2025,1,144.5,144.5
8120,8664,April,2025,2,63.75,127.5
8120,8673,April,2025,1,41.34,41.34
8120,8981,April,2025,1,85,85
8122,25,April,2025,1,118.15,118.15
8122,8407,April,2025,1,127.5,127.5
8122,8485,April,2025,1,93.5,93.5
8122,8594,April,2025,1,228.02,228.02
8122,8975,April,2025,1,34,34
8127,8407,April,2025,2,127.5,255
8127,8534,April,2025,1,102,102
8127,8603,April,2025,1,51.85,51.85
8127,8815,April,2025,2,101.88,203.76
8127,8974,April,2025,1,119,119
8128,25,April,2025,1,118.15,118.15
8128,44,April,2025,1,90.94,90.94
8128,8407,April,2025,1,127.5,127.5
8128,8457,April,2025,7,61.2,428.4
8128,8534,April,2025,2,102,204
8128,8594,April,2025,2,228.02,456.04
8128,8664,April,2025,1,63.75,63.75
8128,9065,April,2025,2,99.45,198.9
8129,3,April,2025,2,324.7,649.4
8129,25,April,2025,15,118.15,1772.25
8129,8407,April,2025,2,127.5,255
8129,8457,April,2025,60,61.2,3672
8129,8467,April,2025,2,333.2,666.4
8129,8485,April,2025,5,93.5,467.5
8129,8510,April,2025,1,599.15,599.15
8129,8514,April,2025,5,74.58,372.9
8129,8527,April,2025,3,29.75,89.25
8129,8594,April,2025,2,228.02,456.04
8129,8603,April,2025,7,51.85,362.95
8129,8605,April,2025,1,74.35,74.35
8129,8620,April,2025,18,144.5,2601
8129,8633,April,2025,7,79.81,558.67
8129,8664,April,2025,10,63.75,637.5
8129,8800,April,2025,10,59.5,595
8129,8974,April,2025,8,119,952
8129,8975,April,2025,9,34,306
8129,8981,April,2025,4,85,340
8129,9001,April,2025,15,55.25,828.75
8129,9006,April,2025,4,229.5,918
8129,9012,April,2025,2,465.38,930.76
8129,9066,April,2025,2,290.03,580.06
8135,23,April,2025,7,79.67,557.69
8135,8457,April,2025,30,61.2,1836
8135,8467,April,2025,2,333.2,666.4
8135,8664,April,2025,10,63.75,637.5
8135,8673,April,2025,3,41.34,124.02
8136,8467,April,2025,2,333.2,666.4
8138,49,April,2025,1,72.25,72.25
8138,8412,April,2025,2,127.5,255
8138,8457,April,2025,1,61.2,61.2
8138,8594,April,2025,2,228.02,456.04
8138,8603,April,2025,1,51.85,51.85
8138,8620,April,2025,1,144.5,144.5
8138,8673,April,2025,1,41.34,41.34
8138,8974,April,2025,1,119,119
8138,8975,April,2025,1,34,34
8150,8164,April,2025,2,119,238
8150,8412,April,2025,2,127.5,255
8150,8534,April,2025,2,102,204
8150,8594,April,2025,2,228.02,456.04
8150,8620,April,2025,8,144.5,1156
8150,8974,April,2025,6,119,714
8150,8975,April,2025,1,34,34
8150,8980,April,2025,5,93.5,467.5
11000,3,April,2025,2,324.7,649.4
11000,23,April,2025,1,79.67,79.67
11000,25,April,2025,18,118.15,2126.7
11000,44,April,2025,1,90.94,90.94
11000,49,April,2025,7,72.25,505.75
11000,8164,April,2025,14,119,1666
11000,8406,April,2025,1,92,92
11000,8407,April,2025,1,127.5,127.5
11000,8412,April,2025,2,127.5,255
11000,8413,April,2025,1,95.17,95.17
11000,8457,April,2025,11,61.2,673.2
11000,8467,April,2025,2,333.2,666.4
11000,8474,April,2025,1,125.65,125.65
11000,8485,April,2025,4,93.5,374
11000,8514,April,2025,1,74.58,74.58
11000,8527,April,2025,2,29.75,59.5
11000,8534,April,2025,20,102,2040
11000,8603,April,2025,6,51.85,311.1
11000,8615,April,2025,1,49.73,49.73
11000,8620,April,2025,6,144.5,867
11000,8664,April,2025,6,63.75,382.5
11000,8673,April,2025,4,41.34,165.36
11000,8800,April,2025,1,59.5,59.5
11000,8974,April,2025,4,119,476
11000,8975,April,2025,4,34,136
11000,8980,April,2025,4,93.5,374
11000,8981,April,2025,1,85,85
11000,9001,April,2025,2,55.25,110.5
11000,9006,April,2025,3,229.5,688.5
11000,9047,April,2025,2,212.5,425
12009,9044,April,2025,1,442.59,442.59
12009,9066,April,2025,11,290.03,3190.33
19097,25,April,2025,2,118.15,236.3
19097,44,April,2025,1,90.94,90.94
19097,8457,April,2025,3,61.2,183.6
19097,8527,April,2025,1,29.75,29.75
19097,8534,April,2025,2,102,204
19097,8603,April,2025,1,51.85,51.85
19097,8620,April,2025,1,144.5,144.5
19097,8975,April,2025,1,34,34
19097,9065,April,2025,1,99.45,99.45
19100,25,April,2025,30,118.15,3544.5
19100,8467,April,2025,2,333.2,666.4
19100,8603,April,2025,2,51.85,103.7
19100,8620,April,2025,4,144.5,578
19100,8664,April,2025,10,63.75,637.5
19100,9004,April,2025,2,85,170
19109,8457,April,2025,1,61.2,61.2
19109,8594,April,2025,1,228.02,228.02
19112,3,April,2025,1,324.7,324.7
19112,25,April,2025,12,118.15,1417.8
19112,8164,April,2025,4,119,476
19112,8413,April,2025,1,95.17,95.17
19112,8457,April,2025,6,61.2,367.2
19112,8467,April,2025,1,333.2,333.2
19112,8485,April,2025,1,93.5,93.5
19112,8512,April,2025,1,104.55,104.55
19112,8514,April,2025,1,74.58,74.58
19112,8527,April,2025,1,29.75,29.75
19112,8534,April,2025,4,102,408
19112,8594,April,2025,3,228.02,684.06
19112,8633,April,2025,3,79.81,239.43
19112,8664,April,2025,1,63.75,63.75
19112,8974,April,2025,1,119,119
19112,8975,April,2025,1,34,34
19112,8981,April,2025,1,85,85
19112,9001,April,2025,2,55.25,110.5
19112,9012,April,2025,1,465.38,465.38
19143,8457,April,2025,1,61.2,61.2
19143,8594,April,2025,1,228.02,228.02
19201,25,April,2025,2,118.15,236.3
19201,8457,April,2025,2,61.2,122.4
19201,8603,April,2025,1,51.85,51.85
19201,8664,April,2025,1,63.75,63.75
19210,8457,April,2025,2,61.2,122.4
19210,8485,April,2025,2,93.5,187
19211,25,April,2025,1,118.15,118.15
19242,8457,April,2025,3,61.2,183.6
19242,8474,April,2025,1,125.65,125.65
19242,8974,April,2025,1,119,119
19246,3,April,2025,1,324.7,324.7
19246,25,April,2025,6,118.15,708.9
19246,44,April,2025,1,90.94,90.94
19246,8527,April,2025,1,29.75,29.75
19246,8594,April,2025,2,228.02,456.04
19246,8605,April,2025,1,74.35,74.35
19246,8800,April,2025,2,59.5,119
19246,8975,April,2025,1,34,34
19246,9065,April,2025,1,99.45,99.45
19247,3,April,2025,1,324.7,324.7
19247,8512,April,2025,1,104.55,104.55
19247,8594,April,2025,1,228.02,228.02
19247,8974,April,2025,1,119,119
19269,8974,April,2025,1,119,119
19269,8975,April,2025,1,34,34
19269,8981,April,2025,1,85,85
19269,9012,April,2025,1,465.38,465.38
19276,8457,April,2025,3,61.2,183.6
19276,8527,April,2025,1,29.75,29.75
19276,8975,April,2025,2,34,68
19283,25,April,2025,2,118.15,236.3
19283,8407,April,2025,1,127.5,127.5
19283,8457,April,2025,2,61.2,122.4
19292,8457,April,2025,1,61.2,61.2
19292,8664,April,2025,1,63.75,63.75
19293,8406,April,2025,1,92,92
19293,8457,April,2025,1,61.2,61.2
19293,8485,April,2025,1,93.5,93.5
19293,8527,April,2025,1,29.75,29.75
19293,8664,April,2025,1,63.75,63.75
19293,8815,April,2025,1,101.88,101.88
19295,8664,April,2025,1,63.75,63.75
19302,8457,April,2025,1,61.2,61.2
19332,23,April,2025,2,79.67,159.34
19332,25,April,2025,10,118.15,1181.5
19332,44,April,2025,3,90.94,272.82
19332,8457,April,2025,5,61.2,306
19332,8512,April,2025,5,104.55,522.75
19332,8603,April,2025,3,51.85,155.55
19332,8605,April,2025,1,74.35,74.35
19332,8664,April,2025,5,63.75,318.75
19332,8815,April,2025,1,101.88,101.88
19332,8974,April,2025,2,119,238
19332,9001,April,2025,5,55.25,276.25
19332,9006,April,2025,2,229.5,459
19332,9047,April,2025,2,212.5,425
19332,9065,April,2025,3,99.45,298.35
19343,25,April,2025,1,118.15,118.15
19343,8457,April,2025,1,61.2,61.2
19346,9001,April,2025,1,55.25,55.25
19347,8457,April,2025,1,61.2,61.2
19347,8815,April,2025,1,101.88,101.88
19360,44,April,2025,1,90.94,90.94
19360,9065,April,2025,1,99.45,99.45
19363,44,April,2025,1,90.94,90.94
19363,8664,April,2025,1,63.75,63.75
19363,8974,April,2025,1,119,119
19363,9001,April,2025,3,55.25,165.75
19367,8457,April,2025,1,61.2,61.2
19367,8467,April,2025,1,333.2,333.2
19367,8664,April,2025,1,63.75,63.75
19372,8457,April,2025,1,61.2,61.2
19386,8457,April,2025,5,61.2,306
19386,8605,April,2025,1,74.35,74.35
19386,8664,April,2025,4,63.75,255
19386,9001,April,2025,1,55.25,55.25
19387,25,April,2025,1,118.15,118.15
19387,8457,April,2025,1,61.2,61.2
19387,8603,April,2025,1,51.85,51.85
19387,9065,April,2025,1,99.45,99.45
19389,3,April,2025,1,324.7,324.7
19389,25,April,2025,15,118.15,1772.25
19389,44,April,2025,1,90.94,90.94
19389,8457,April,2025,7,61.2,428.4
19389,8467,April,2025,2,333.2,666.4
19389,8605,April,2025,1,74.35,74.35
19389,8664,April,2025,2,63.75,127.5
19389,8673,April,2025,1,41.34,41.34
19389,8975,April,2025,1,34,34
19392,23,April,2025,1,79.67,79.67
19392,25,April,2025,1,118.15,118.15
19392,8457,April,2025,1,61.2,61.2
19392,8474,April,2025,1,125.65,125.65
19392,8485,April,2025,1,93.5,93.5
19392,8534,April,2025,1,102,102
19392,8620,April,2025,3,144.5,433.5
19392,8974,April,2025,1,119,119
19392,8980,April,2025,1,93.5,93.5
19392,9040,April,2025,1,85,85
19400,8457,April,2025,15,61.2,918
19400,8603,April,2025,3,51.85,155.55
19400,8664,April,2025,3,63.75,191.25
19400,8815,April,2025,4,101.88,407.52
19400,8975,April,2025,1,34,34
19405,8457,April,2025,1,61.2,61.2
19405,8512,April,2025,1,104.55,104.55
19406,8164,April,2025,1,119,119
19406,8534,April,2025,1,102,102
19408,8664,April,2025,1,63.75,63.75
19412,3,April,2025,1,324.7,324.7
19412,25,April,2025,5,118.15,590.75
19412,44,April,2025,1,90.94,90.94
19412,8164,April,2025,2,119,238
19412,8474,April,2025,1,125.65,125.65
19412,8485,April,2025,1,93.5,93.5
19412,8594,April,2025,1,228.02,228.02
19412,8620,April,2025,2,144.5,289
19412,8974,April,2025,5,119,595
19412,8975,April,2025,1,34,34
19412,9047,April,2025,1,212.5,212.5
19412,9065,April,2025,1,99.45,99.45
19413,49,April,2025,1,72.25,72.25
19413,8457,April,2025,1,61.2,61.2
19423,8474,April,2025,1,125.65,125.65
19423,8485,April,2025,1,93.5,93.5
19423,8673,April,2025,1,41.34,41.34
19428,8164,April,2025,2,119,238
19428,8457,April,2025,1,61.2,61.2
19428,8664,April,2025,1,63.75,63.75
19428,8673,April,2025,1,41.34,41.34
19435,25,April,2025,4,118.15,472.6
19435,8407,April,2025,1,127.5,127.5
19435,8474,April,2025,2,125.65,251.3
19435,8534,April,2025,6,102,612
19435,8605,April,2025,1,74.35,74.35
19435,8664,April,2025,2,63.75,127.5
19435,8974,April,2025,2,119,238
19435,8980,April,2025,1,93.5,93.5
19435,9012,April,2025,2,465.38,930.76
19438,49,April,2025,1,72.25,72.25
19438,8406,April,2025,1,92,92
19438,8413,April,2025,1,95.17,95.17
19438,8485,April,2025,1,93.5,93.5
19438,8974,April,2025,1,119,119
19438,8980,April,2025,1,93.5,93.5
19466,8467,April,2025,1,333.2,333.2
19466,8664,April,2025,10,63.75,637.5
19473,8457,April,2025,1,61.2,61.2
19479,8457,April,2025,1,61.2,61.2
19479,8485,April,2025,1,93.5,93.5
19479,8664,April,2025,1,63.75,63.75
19488,8407,April,2025,2,127.5,255
19488,8413,April,2025,5,95.17,475.85
19488,8457,April,2025,15,61.2,918
19488,8527,April,2025,3,29.75,89.25
19488,8603,April,2025,7,51.85,362.95
19488,8605,April,2025,2,74.35,148.7
19488,8633,April,2025,15,79.81,1197.15
19488,8664,April,2025,10,63.75,637.5
19488,8673,April,2025,3,41.34,124.02
19488,8901,April,2025,2,187,374
19488,8975,April,2025,2,34,68
19488,9001,April,2025,15,55.25,828.75
19490,8512,April,2025,1,104.55,104.55
19504,44,April,2025,2,90.94,181.88
19504,8164,April,2025,4,119,476
19504,8406,April,2025,1,92,92
19504,8457,April,2025,3,61.2,183.6
19504,8512,April,2025,1,104.55,104.55
19504,8527,April,2025,1,29.75,29.75
19504,8603,April,2025,1,51.85,51.85
19504,8605,April,2025,1,74.35,74.35
19504,8664,April,2025,1,63.75,63.75
19504,8815,April,2025,2,101.88,203.76
19504,9001,April,2025,3,55.25,165.75
19504,9065,April,2025,3,99.45,298.35
19505,8485,April,2025,1,93.5,93.5
19505,8527,April,2025,1,29.75,29.75
19505,8620,April,2025,1,144.5,144.5
19505,8633,April,2025,1,79.81,79.81
19505,8664,April,2025,1,63.75,63.75
19513,25,April,2025,27,118.15,3190.05
19513,8164,April,2025,1,119,119
19513,8457,April,2025,17,61.2,1040.4
19513,8485,April,2025,1,93.5,93.5
19513,8534,April,2025,1,102,102
19513,8594,April,2025,4,228.02,912.08
19513,8620,April,2025,2,144.5,289
19513,8974,April,2025,1,119,119
19514,8594,April,2025,1,228.02,228.02
19514,8620,April,2025,1,144.5,144.5
19514,8868,April,2025,1,374,374
19519,25,April,2025,1,118.15,118.15
19519,9001,April,2025,1,55.25,55.25
19524,8664,April,2025,2,63.75,127.5
19524,8974,April,2025,1,119,119
19527,44,April,2025,1,90.94,90.94
19527,8603,April,2025,2,51.85,103.7
19527,8620,April,2025,1,144.5,144.5
19527,8974,April,2025,1,119,119
19528,8620,April,2025,1,144.5,144.5
19539,25,April,2025,1,118.15,118.15
19543,25,April,2025,6,118.15,708.9
19543,8620,April,2025,1,144.5,144.5
19543,8974,April,2025,1,119,119
19544,8673,April,2025,1,41.34,41.34
19558,8164,April,2025,4,119,476
19558,8467,April,2025,1,333.2,333.2
19558,8512,April,2025,1,104.55,104.55
19558,8527,April,2025,1,29.75,29.75
19558,8594,April,2025,1,228.02,228.02
19558,8603,April,2025,1,51.85,51.85
19558,8615,April,2025,2,49.73,99.46
19558,8974,April,2025,1,119,119
19558,9001,April,2025,3,55.25,165.75
19561,25,April,2025,1,118.15,118.15
19561,8457,April,2025,2,61.2,122.4
19573,25,April,2025,3,118.15,354.45
19573,8594,April,2025,1,228.02,228.02
19578,25,April,2025,1,118.15,118.15
19585,25,April,2025,1,118.15,118.15
19585,8974,April,2025,2,119,238
19589,8457,April,2025,1,61.2,61.2
19589,8485,April,2025,2,93.5,187
19589,8974,April,2025,1,119,119
19593,25,April,2025,1,118.15,118.15
19593,8457,April,2025,1,61.2,61.2
19593,8485,April,2025,1,93.5,93.5
19593,8974,April,2025,1,119,119
19596,25,April,2025,5,118.15,590.75
19596,8485,April,2025,1,93.5,93.5
19596,8594,April,2025,2,228.02,456.04
19596,8615,April,2025,2,49.73,99.46
19596,8620,April,2025,2,144.5,289
19596,9065,April,2025,1,99.45,99.45
19603,8485,April,2025,1,93.5,93.5
19603,8974,April,2025,1,119,119
19605,8457,April,2025,1,61.2,61.2
19605,8485,April,2025,1,93.5,93.5
19607,3,April,2025,1,324.7,324.7
19607,25,April,2025,10,118.15,1181.5
19607,8457,April,2025,10,61.2,612
19607,8485,April,2025,2,93.5,187
19607,8534,April,2025,10,102,1020
19607,8605,April,2025,1,74.35,74.35
19607,8664,April,2025,5,63.75,318.75
19607,8674,April,2025,10,85,850
19607,8974,April,2025,3,119,357
19607,8975,April,2025,5,34,170
19607,8980,April,2025,1,93.5,93.5
19618,8457,April,2025,2,61.2,122.4
19618,8474,April,2025,1,125.65,125.65
19618,8534,April,2025,1,102,102
19618,8594,April,2025,1,228.02,228.02
19618,8620,April,2025,1,144.5,144.5
19622,8974,April,2025,1,119,119
19622,8980,April,2025,1,93.5,93.5
19626,8975,April,2025,1,34,34
19627,8467,April,2025,1,333.2,333.2
19627,8664,April,2025,1,63.75,63.75
19627,8974,April,2025,1,119,119
19634,25,April,2025,6,118.15,708.9
19634,44,April,2025,2,90.94,181.88
19634,8412,April,2025,2,127.5,255
19634,8457,April,2025,6,61.2,367.2
19634,8485,April,2025,2,93.5,187
19634,8534,April,2025,2,102,204
19634,8594,April,2025,2,228.02,456.04
19634,8615,April,2025,2,49.73,99.46
19634,8620,April,2025,4,144.5,578
19634,8664,April,2025,1,63.75,63.75
19634,8673,April,2025,1,41.34,41.34
19634,8974,April,2025,1,119,119
19634,8975,April,2025,1,34,34
19634,9001,April,2025,1,55.25,55.25
19634,9006,April,2025,1,229.5,229.5
19634,9065,April,2025,3,99.45,298.35
19634,9066,April,2025,1,290.03,290.03
19642,8457,April,2025,2,61.2,122.4
19642,8485,April,2025,1,93.5,93.5
19642,8512,April,2025,1,104.55,104.55
19645,8457,April,2025,1,61.2,61.2
19645,8512,April,2025,1,104.55,104.55
19645,8603,April,2025,1,51.85,51.85
19646,44,April,2025,1,90.94,90.94
19646,8406,April,2025,1,92,92
19646,8412,April,2025,2,127.5,255
19646,8413,April,2025,3,95.17,285.51
19646,8457,April,2025,5,61.2,306
19646,8474,April,2025,1,125.65,125.65
19646,8527,April,2025,3,29.75,89.25
19646,8534,April,2025,4,102,408
19646,8594,April,2025,1,228.02,228.02
19646,8603,April,2025,4,51.85,207.4
19646,8605,April,2025,1,74.35,74.35
19646,8620,April,2025,1,144.5,144.5
19646,8633,April,2025,2,79.81,159.62
19646,8673,April,2025,3,41.34,124.02
19646,9001,April,2025,2,55.25,110.5
19646,9006,April,2025,1,229.5,229.5
19646,9012,April,2025,1,465.38,465.38
19657,8974,April,2025,1,119,119
19668,25,April,2025,12,118.15,1417.8
19668,44,April,2025,1,90.94,90.94
19668,8412,April,2025,4,127.5,510
19668,8457,April,2025,10,61.2,612
19668,8467,April,2025,1,333.2,333.2
19668,8485,April,2025,3,93.5,280.5
19668,8512,April,2025,2,104.55,209.1
19668,8527,April,2025,1,29.75,29.75
19668,8534,April,2025,4,102,408
19668,8603,April,2025,4,51.85,207.4
19668,8605,April,2025,2,74.35,148.7
19668,8974,April,2025,2,119,238
19668,9001,April,2025,3,55.25,165.75
19668,9006,April,2025,1,229.5,229.5
19668,9065,April,2025,1,99.45,99.45
19668,9066,April,2025,1,290.03,290.03
19672,8974,April,2025,2,119,238
19675,8457,April,2025,1,61.2,61.2
19683,8412,April,2025,1,127.5,127.5
19683,8457,April,2025,1,61.2,61.2
19683,8974,April,2025,2,119,238
19683,8980,April,2025,1,93.5,93.5
19697,25,April,2025,2,118.15,236.3
19697,8164,April,2025,1,119,119
19697,8406,April,2025,1,92,92
19697,8413,April,2025,1,95.17,95.17
19697,8534,April,2025,1,102,102
19697,8603,April,2025,1,51.85,51.85
19697,8633,April,2025,1,79.81,79.81
19697,8664,April,2025,2,63.75,127.5
19697,8674,April,2025,1,85,85
19697,8974,April,2025,1,119,119
19701,8594,April,2025,1,228.02,228.02
19702,44,April,2025,1,90.94,90.94
19702,8407,April,2025,1,127.5,127.5
19702,8457,April,2025,3,61.2,183.6
19702,8485,April,2025,1,93.5,93.5
19702,8512,April,2025,1,104.55,104.55
19702,8620,April,2025,1,144.5,144.5
19702,8974,April,2025,1,119,119
19702,9065,April,2025,1,99.45,99.45
19705,25,April,2025,6,118.15,708.9
19705,49,April,2025,2,72.25,144.5
19705,8164,April,2025,2,119,238
19705,8457,April,2025,1,61.2,61.2
19705,8474,April,2025,2,125.65,251.3
19705,8527,April,2025,2,29.75,59.5
19705,8594,April,2025,3,228.02,684.06
19705,8664,April,2025,1,63.75,63.75
19705,8673,April,2025,1,41.34,41.34
19705,8868,April,2025,2,374,748
19705,8975,April,2025,2,34,68
19705,8981,April,2025,1,85,85
19705,9001,April,2025,2,55.25,110.5
19707,8457,April,2025,1,61.2,61.2
19707,8974,April,2025,1,119,119
19707,9065,April,2025,1,99.45,99.45
19712,3,April,2025,2,324.7,649.4
19712,8467,April,2025,2,333.2,666.4
19712,8534,April,2025,6,102,612
19712,9012,April,2025,4,465.38,1861.52
19712,9065,April,2025,1,99.45,99.45
19714,3,April,2025,2,324.7,649.4
19714,8406,April,2025,1,92,92
19714,8407,April,2025,2,127.5,255
19714,8457,April,2025,3,61.2,183.6
19714,8467,April,2025,2,333.2,666.4
19714,8594,April,2025,2,228.02,456.04
19714,8603,April,2025,2,51.85,103.7
19714,8605,April,2025,1,74.35,74.35
19714,8673,April,2025,2,41.34,82.68
19714,8974,April,2025,2,119,238
19714,9012,April,2025,1,465.38,465.38
19716,8164,April,2025,4,119,476
19716,8974,April,2025,1,119,119
19719,8664,April,2025,1,63.75,63.75
19722,3,April,2025,1,324.7,324.7
19722,25,April,2025,30,118.15,3544.5
19722,49,April,2025,10,72.25,722.5
19722,8527,April,2025,5,29.75,148.75
19722,8974,April,2025,1,119,119
19722,8975,April,2025,5,34,170
19722,8980,April,2025,1,93.5,93.5
19722,9001,April,2025,15,55.25,828.75
19722,9004,April,2025,2,85,170
19722,9006,April,2025,1,229.5,229.5
19723,25,April,2025,1,118.15,118.15
19723,8457,April,2025,2,61.2,122.4
19723,8534,April,2025,1,102,102
19725,3,April,2025,1,324.7,324.7
19725,8407,April,2025,1,127.5,127.5
19725,8485,April,2025,1,93.5,93.5
19725,8594,April,2025,1,228.02,228.02
19726,25,April,2025,2,118.15,236.3
19726,8457,April,2025,1,61.2,61.2
19726,8603,April,2025,1,51.85,51.85
19726,8633,April,2025,1,79.81,79.81
19726,8974,April,2025,1,119,119
19726,8981,April,2025,1,85,85
19733,25,April,2025,1,118.15,118.15
19733,8457,April,2025,5,61.2,306
19733,8467,April,2025,1,333.2,333.2
19733,8974,April,2025,2,119,238
19733,9012,April,2025,2,465.38,930.76
19740,3,April,2025,1,324.7,324.7
19740,44,April,2025,1,90.94,90.94
19740,8467,April,2025,1,333.2,333.2
19740,8474,April,2025,1,125.65,125.65
19740,8975,April,2025,2,34,68
19741,8457,April,2025,2,61.2,122.4
19741,9012,April,2025,1,465.38,465.38
19744,25,April,2025,30,118.15,3544.5
19744,8407,April,2025,4,127.5,510
19744,8485,April,2025,5,93.5,467.5
19744,8527,April,2025,2,29.75,59.5
19744,8603,April,2025,2,51.85,103.7
19744,8664,April,2025,5,63.75,318.75
19744,8673,April,2025,3,41.34,124.02
19744,8974,April,2025,2,119,238
19744,8980,April,2025,2,93.5,187
19745,8527,April,2025,1,29.75,29.75
19745,8664,April,2025,1,63.75,63.75
19745,8673,April,2025,1,41.34,41.34
19745,8974,April,2025,1,119,119
19746,25,April,2025,1,118.15,118.15
19746,8457,April,2025,1,61.2,61.2
19749,3,April,2025,1,324.7,324.7
19749,8467,April,2025,1,333.2,333.2
19749,8474,April,2025,1,125.65,125.65
19749,8485,April,2025,1,93.5,93.5
19749,8975,April,2025,2,34,68
19749,9001,April,2025,1,55.25,55.25
19749,9065,April,2025,1,99.45,99.45
19750,3,April,2025,1,324.7,324.7
19750,8406,April,2025,1,92,92
19750,8474,April,2025,1,125.65,125.65
19750,8974,April,2025,1,119,119
19750,8975,April,2025,1,34,34
19750,8981,April,2025,1,85,85
